"","结婚次数","星级","huoban"
"1",2,3,"皇后祝福的老王"
"2",3,3,"皇后祝福的老王"
"3",4,4,"皇后祝福的老王"
"4",5,5,"皇后祝福的老王"
"5",6,6,"皇后祝福的老王"
"6",7,6,"皇后祝福的老王"
"7",8,7,"皇后祝福的老王"
"8",9,8,"皇后祝福的老王"
"9",10,8,"皇后祝福的老王"
"10",11,9,"皇后祝福的老王"
"11",12,9,"皇后祝福的老王"
"12",13,10,"皇后祝福的老王"
"13",14,10,"皇后祝福的老王"
"14",15,11,"皇后祝福的老王"
"15",16,11,"皇后祝福的老王"
"16",17,12,"皇后祝福的老王"
"17",18,12,"皇后祝福的老王"
"18",19,13,"皇后祝福的老王"
"19",20,13,"皇后祝福的老王"
"20",21,14,"皇后祝福的老王"
"21",22,14,"皇后祝福的老王"
"22",23,14,"皇后祝福的老王"
"23",24,15,"皇后祝福的老王"
"24",25,15,"皇后祝福的老王"
"25",26,16,"皇后祝福的老王"
"26",27,16,"皇后祝福的老王"
"27",28,16,"皇后祝福的老王"
"28",29,17,"皇后祝福的老王"
"29",30,17,"皇后祝福的老王"
"30",31,17,"皇后祝福的老王"
"31",32,18,"皇后祝福的老王"
"32",33,18,"皇后祝福的老王"
"33",34,19,"皇后祝福的老王"
"34",35,19,"皇后祝福的老王"
"35",36,20,"皇后祝福的老王"
"36",37,20,"皇后祝福的老王"
"37",38,20,"皇后祝福的老王"
"38",39,21,"皇后祝福的老王"
"39",40,21,"皇后祝福的老王"
"40",41,21,"皇后祝福的老王"
"41",42,22,"皇后祝福的老王"
"42",43,22,"皇后祝福的老王"
"43",44,22,"皇后祝福的老王"
"44",45,23,"皇后祝福的老王"
"45",46,23,"皇后祝福的老王"
"46",47,23,"皇后祝福的老王"
"47",48,24,"皇后祝福的老王"
"48",49,24,"皇后祝福的老王"
"49",50,24,"皇后祝福的老王"
"50",51,25,"皇后祝福的老王"
"51",52,25,"皇后祝福的老王"
"52",53,25,"皇后祝福的老王"
"53",54,25,"皇后祝福的老王"
"54",55,26,"皇后祝福的老王"
"55",56,26,"皇后祝福的老王"
"56",57,26,"皇后祝福的老王"
"57",58,26,"皇后祝福的老王"
"58",59,27,"皇后祝福的老王"
"59",60,27,"皇后祝福的老王"
"60",61,27,"皇后祝福的老王"
"61",62,27,"皇后祝福的老王"
"62",63,28,"皇后祝福的老王"
"63",64,28,"皇后祝福的老王"
"64",65,28,"皇后祝福的老王"
"65",66,28,"皇后祝福的老王"
"66",67,28,"皇后祝福的老王"
"67",68,29,"皇后祝福的老王"
"68",69,29,"皇后祝福的老王"
"69",70,29,"皇后祝福的老王"
"70",71,29,"皇后祝福的老王"
"71",72,30,"皇后祝福的老王"
"72",73,30,"皇后祝福的老王"
"73",74,30,"皇后祝福的老王"
"74",75,30,"皇后祝福的老王"
"75",76,30,"皇后祝福的老王"
"76",77,31,"皇后祝福的老王"
"77",78,31,"皇后祝福的老王"
"78",79,31,"皇后祝福的老王"
"79",80,31,"皇后祝福的老王"
"80",81,32,"皇后祝福的老王"
"81",82,32,"皇后祝福的老王"
"82",83,32,"皇后祝福的老王"
"83",84,32,"皇后祝福的老王"
"84",85,32,"皇后祝福的老王"
"85",86,32,"皇后祝福的老王"
"86",87,33,"皇后祝福的老王"
"87",88,33,"皇后祝福的老王"
"88",89,33,"皇后祝福的老王"
"89",90,33,"皇后祝福的老王"
"90",91,33,"皇后祝福的老王"
"91",92,34,"皇后祝福的老王"
"92",93,34,"皇后祝福的老王"
"93",94,34,"皇后祝福的老王"
"94",95,34,"皇后祝福的老王"
"95",96,34,"皇后祝福的老王"
"96",97,35,"皇后祝福的老王"
"97",98,35,"皇后祝福的老王"
"98",99,35,"皇后祝福的老王"
"99",100,35,"皇后祝福的老王"
"100",101,35,"皇后祝福的老王"
"101",102,36,"皇后祝福的老王"
"102",103,36,"皇后祝福的老王"
"103",104,36,"皇后祝福的老王"
"104",105,36,"皇后祝福的老王"
"105",106,36,"皇后祝福的老王"
"106",107,36,"皇后祝福的老王"
"107",108,37,"皇后祝福的老王"
"108",109,37,"皇后祝福的老王"
"109",110,37,"皇后祝福的老王"
"110",111,37,"皇后祝福的老王"
"111",112,37,"皇后祝福的老王"
"112",113,37,"皇后祝福的老王"
"113",114,38,"皇后祝福的老王"
"114",115,38,"皇后祝福的老王"
"115",116,38,"皇后祝福的老王"
"116",117,38,"皇后祝福的老王"
"117",118,38,"皇后祝福的老王"
"118",119,39,"皇后祝福的老王"
"119",120,39,"皇后祝福的老王"
"120",121,39,"皇后祝福的老王"
"121",122,39,"皇后祝福的老王"
"122",123,39,"皇后祝福的老王"
"123",124,39,"皇后祝福的老王"
"124",125,39,"皇后祝福的老王"
"125",126,40,"皇后祝福的老王"
"126",127,40,"皇后祝福的老王"
"127",128,40,"皇后祝福的老王"
"128",129,40,"皇后祝福的老王"
"129",130,40,"皇后祝福的老王"
"130",131,40,"皇后祝福的老王"
"131",132,41,"皇后祝福的老王"
"132",133,41,"皇后祝福的老王"
"133",134,41,"皇后祝福的老王"
"134",135,41,"皇后祝福的老王"
"135",136,41,"皇后祝福的老王"
"136",137,41,"皇后祝福的老王"
"137",138,41,"皇后祝福的老王"
"138",139,41,"皇后祝福的老王"
"139",140,42,"皇后祝福的老王"
"140",141,42,"皇后祝福的老王"
"141",142,42,"皇后祝福的老王"
"142",143,42,"皇后祝福的老王"
"143",144,42,"皇后祝福的老王"
"144",145,42,"皇后祝福的老王"
"145",146,43,"皇后祝福的老王"
"146",147,43,"皇后祝福的老王"
"147",148,43,"皇后祝福的老王"
"148",149,43,"皇后祝福的老王"
"149",150,43,"皇后祝福的老王"
"150",151,43,"皇后祝福的老王"
"151",152,43,"皇后祝福的老王"
"152",153,43,"皇后祝福的老王"
"153",154,44,"皇后祝福的老王"
"154",155,44,"皇后祝福的老王"
"155",156,44,"皇后祝福的老王"
"156",157,44,"皇后祝福的老王"
"157",158,44,"皇后祝福的老王"
"158",159,44,"皇后祝福的老王"
"159",160,44,"皇后祝福的老王"
"160",161,44,"皇后祝福的老王"
"161",162,45,"皇后祝福的老王"
"162",163,45,"皇后祝福的老王"
"163",164,45,"皇后祝福的老王"
"164",165,45,"皇后祝福的老王"
"165",166,45,"皇后祝福的老王"
"166",167,45,"皇后祝福的老王"
"167",168,45,"皇后祝福的老王"
"168",169,45,"皇后祝福的老王"
"169",170,46,"皇后祝福的老王"
"170",171,46,"皇后祝福的老王"
"171",172,46,"皇后祝福的老王"
"172",173,46,"皇后祝福的老王"
"173",174,46,"皇后祝福的老王"
"174",175,46,"皇后祝福的老王"
"175",176,46,"皇后祝福的老王"
"176",177,46,"皇后祝福的老王"
"177",178,47,"皇后祝福的老王"
"178",179,47,"皇后祝福的老王"
"179",180,47,"皇后祝福的老王"
"180",181,47,"皇后祝福的老王"
"181",182,47,"皇后祝福的老王"
"182",183,47,"皇后祝福的老王"
"183",184,47,"皇后祝福的老王"
"184",185,47,"皇后祝福的老王"
"185",186,47,"皇后祝福的老王"
"186",187,48,"皇后祝福的老王"
"187",188,48,"皇后祝福的老王"
"188",189,48,"皇后祝福的老王"
"189",190,48,"皇后祝福的老王"
"190",191,48,"皇后祝福的老王"
"191",192,48,"皇后祝福的老王"
"192",193,48,"皇后祝福的老王"
"193",194,48,"皇后祝福的老王"
"194",195,48,"皇后祝福的老王"
"195",196,49,"皇后祝福的老王"
"196",197,49,"皇后祝福的老王"
"197",198,49,"皇后祝福的老王"
"198",199,49,"皇后祝福的老王"
"199",200,49,"皇后祝福的老王"
"200",201,49,"皇后祝福的老王"
"201",202,49,"皇后祝福的老王"
"202",203,49,"皇后祝福的老王"
"203",204,49,"皇后祝福的老王"
"204",205,49,"皇后祝福的老王"
"205",206,50,"皇后祝福的老王"
"206",207,50,"皇后祝福的老王"
"207",208,50,"皇后祝福的老王"
"208",209,50,"皇后祝福的老王"
"209",210,50,"皇后祝福的老王"
"210",211,50,"皇后祝福的老王"
"211",212,50,"皇后祝福的老王"
"212",213,50,"皇后祝福的老王"
"213",214,50,"皇后祝福的老王"
"214",215,50,"皇后祝福的老王"
"215",216,50,"皇后祝福的老王"
"216",217,51,"皇后祝福的老王"
"217",218,51,"皇后祝福的老王"
"218",219,51,"皇后祝福的老王"
"219",220,51,"皇后祝福的老王"
"220",221,51,"皇后祝福的老王"
"221",222,51,"皇后祝福的老王"
"222",223,51,"皇后祝福的老王"
"223",224,51,"皇后祝福的老王"
"224",225,51,"皇后祝福的老王"
"225",226,51,"皇后祝福的老王"
"226",227,52,"皇后祝福的老王"
"227",228,52,"皇后祝福的老王"
"228",229,52,"皇后祝福的老王"
"229",230,52,"皇后祝福的老王"
"230",231,52,"皇后祝福的老王"
"231",232,52,"皇后祝福的老王"
"232",233,52,"皇后祝福的老王"
"233",234,52,"皇后祝福的老王"
"234",235,52,"皇后祝福的老王"
"235",236,52,"皇后祝福的老王"
"236",237,52,"皇后祝福的老王"
"237",238,53,"皇后祝福的老王"
"238",239,53,"皇后祝福的老王"
"239",240,53,"皇后祝福的老王"
"240",241,53,"皇后祝福的老王"
"241",242,53,"皇后祝福的老王"
"242",243,53,"皇后祝福的老王"
"243",244,53,"皇后祝福的老王"
"244",245,53,"皇后祝福的老王"
"245",246,53,"皇后祝福的老王"
"246",247,53,"皇后祝福的老王"
"247",248,53,"皇后祝福的老王"
"248",249,53,"皇后祝福的老王"
"249",250,53,"皇后祝福的老王"
"250",251,54,"皇后祝福的老王"
"251",252,54,"皇后祝福的老王"
"252",253,54,"皇后祝福的老王"
"253",254,54,"皇后祝福的老王"
"254",255,54,"皇后祝福的老王"
"255",256,54,"皇后祝福的老王"
"256",257,54,"皇后祝福的老王"
"257",258,54,"皇后祝福的老王"
"258",259,54,"皇后祝福的老王"
"259",260,54,"皇后祝福的老王"
"260",261,54,"皇后祝福的老王"
"261",262,54,"皇后祝福的老王"
"262",263,55,"皇后祝福的老王"
"263",264,55,"皇后祝福的老王"
"264",265,55,"皇后祝福的老王"
"265",266,55,"皇后祝福的老王"
"266",267,55,"皇后祝福的老王"
"267",268,55,"皇后祝福的老王"
"268",269,55,"皇后祝福的老王"
"269",270,55,"皇后祝福的老王"
"270",271,55,"皇后祝福的老王"
"271",272,55,"皇后祝福的老王"
"272",273,55,"皇后祝福的老王"
"273",274,55,"皇后祝福的老王"
"274",275,56,"皇后祝福的老王"
"275",276,56,"皇后祝福的老王"
"276",277,56,"皇后祝福的老王"
"277",278,56,"皇后祝福的老王"
"278",279,56,"皇后祝福的老王"
"279",280,56,"皇后祝福的老王"
"280",281,56,"皇后祝福的老王"
"281",282,56,"皇后祝福的老王"
"282",283,56,"皇后祝福的老王"
"283",284,56,"皇后祝福的老王"
"284",285,56,"皇后祝福的老王"
"285",286,56,"皇后祝福的老王"
"286",287,56,"皇后祝福的老王"
"287",288,57,"皇后祝福的老王"
"288",289,57,"皇后祝福的老王"
"289",290,57,"皇后祝福的老王"
"290",291,57,"皇后祝福的老王"
"291",292,57,"皇后祝福的老王"
"292",293,57,"皇后祝福的老王"
"293",294,57,"皇后祝福的老王"
"294",295,57,"皇后祝福的老王"
"295",296,57,"皇后祝福的老王"
"296",297,57,"皇后祝福的老王"
"297",298,57,"皇后祝福的老王"
"298",299,57,"皇后祝福的老王"
"299",300,57,"皇后祝福的老王"
"300",301,58,"皇后祝福的老王"
"301",302,58,"皇后祝福的老王"
"302",303,58,"皇后祝福的老王"
"303",304,58,"皇后祝福的老王"
"304",305,58,"皇后祝福的老王"
"305",306,58,"皇后祝福的老王"
"306",307,58,"皇后祝福的老王"
"307",308,58,"皇后祝福的老王"
"308",309,58,"皇后祝福的老王"
"309",310,58,"皇后祝福的老王"
"310",311,58,"皇后祝福的老王"
"311",312,58,"皇后祝福的老王"
"312",313,58,"皇后祝福的老王"
"313",314,58,"皇后祝福的老王"
"314",315,59,"皇后祝福的老王"
"315",316,59,"皇后祝福的老王"
"316",317,59,"皇后祝福的老王"
"317",318,59,"皇后祝福的老王"
"318",319,59,"皇后祝福的老王"
"319",320,59,"皇后祝福的老王"
"320",321,59,"皇后祝福的老王"
"321",322,59,"皇后祝福的老王"
"322",323,59,"皇后祝福的老王"
"323",324,59,"皇后祝福的老王"
"324",325,59,"皇后祝福的老王"
"325",326,59,"皇后祝福的老王"
"326",327,59,"皇后祝福的老王"
"327",328,59,"皇后祝福的老王"
"328",329,60,"皇后祝福的老王"
"329",330,60,"皇后祝福的老王"
"330",331,60,"皇后祝福的老王"
"331",332,60,"皇后祝福的老王"
"332",333,60,"皇后祝福的老王"
"333",334,60,"皇后祝福的老王"
"334",335,60,"皇后祝福的老王"
"335",336,60,"皇后祝福的老王"
"336",337,60,"皇后祝福的老王"
"337",338,60,"皇后祝福的老王"
"338",339,60,"皇后祝福的老王"
"339",340,60,"皇后祝福的老王"
"340",341,60,"皇后祝福的老王"
"341",342,60,"皇后祝福的老王"
"342",343,60,"皇后祝福的老王"
"343",344,61,"皇后祝福的老王"
"344",345,61,"皇后祝福的老王"
"345",346,61,"皇后祝福的老王"
"346",347,61,"皇后祝福的老王"
"347",348,61,"皇后祝福的老王"
"348",349,61,"皇后祝福的老王"
"349",350,61,"皇后祝福的老王"
"350",351,61,"皇后祝福的老王"
"351",352,61,"皇后祝福的老王"
"352",353,61,"皇后祝福的老王"
"353",354,61,"皇后祝福的老王"
"354",355,61,"皇后祝福的老王"
"355",356,61,"皇后祝福的老王"
"356",357,61,"皇后祝福的老王"
"357",358,61,"皇后祝福的老王"
"358",359,61,"皇后祝福的老王"
"359",360,62,"皇后祝福的老王"
"360",361,62,"皇后祝福的老王"
"361",362,62,"皇后祝福的老王"
"362",363,62,"皇后祝福的老王"
"363",364,62,"皇后祝福的老王"
"364",365,62,"皇后祝福的老王"
"365",366,62,"皇后祝福的老王"
"366",367,62,"皇后祝福的老王"
"367",368,62,"皇后祝福的老王"
"368",369,62,"皇后祝福的老王"
"369",370,62,"皇后祝福的老王"
"370",371,62,"皇后祝福的老王"
"371",372,62,"皇后祝福的老王"
"372",373,62,"皇后祝福的老王"
"373",374,62,"皇后祝福的老王"
"374",375,62,"皇后祝福的老王"
"375",376,63,"皇后祝福的老王"
"376",377,63,"皇后祝福的老王"
"377",378,63,"皇后祝福的老王"
"378",379,63,"皇后祝福的老王"
"379",380,63,"皇后祝福的老王"
"380",381,63,"皇后祝福的老王"
"381",382,63,"皇后祝福的老王"
"382",383,63,"皇后祝福的老王"
"383",384,63,"皇后祝福的老王"
"384",385,63,"皇后祝福的老王"
"385",386,63,"皇后祝福的老王"
"386",387,63,"皇后祝福的老王"
"387",388,63,"皇后祝福的老王"
"388",389,63,"皇后祝福的老王"
"389",390,63,"皇后祝福的老王"
"390",391,63,"皇后祝福的老王"
"391",392,63,"皇后祝福的老王"
"392",393,64,"皇后祝福的老王"
"393",394,64,"皇后祝福的老王"
"394",395,64,"皇后祝福的老王"
"395",396,64,"皇后祝福的老王"
"396",397,64,"皇后祝福的老王"
"397",398,64,"皇后祝福的老王"
"398",399,64,"皇后祝福的老王"
"399",400,64,"皇后祝福的老王"
"400",401,64,"皇后祝福的老王"
"401",402,64,"皇后祝福的老王"
"402",403,64,"皇后祝福的老王"
"403",404,64,"皇后祝福的老王"
"404",405,64,"皇后祝福的老王"
"405",406,64,"皇后祝福的老王"
"406",407,64,"皇后祝福的老王"
"407",408,64,"皇后祝福的老王"
"408",409,64,"皇后祝福的老王"
"409",410,64,"皇后祝福的老王"
"410",411,65,"皇后祝福的老王"
"411",412,65,"皇后祝福的老王"
"412",413,65,"皇后祝福的老王"
"413",414,65,"皇后祝福的老王"
"414",415,65,"皇后祝福的老王"
"415",416,65,"皇后祝福的老王"
"416",417,65,"皇后祝福的老王"
"417",418,65,"皇后祝福的老王"
"418",419,65,"皇后祝福的老王"
"419",420,65,"皇后祝福的老王"
"420",421,65,"皇后祝福的老王"
"421",422,65,"皇后祝福的老王"
"422",423,65,"皇后祝福的老王"
"423",424,65,"皇后祝福的老王"
"424",425,65,"皇后祝福的老王"
"425",426,65,"皇后祝福的老王"
"426",427,65,"皇后祝福的老王"
"427",428,65,"皇后祝福的老王"
"428",429,65,"皇后祝福的老王"
"429",430,66,"皇后祝福的老王"
"430",431,66,"皇后祝福的老王"
"431",432,66,"皇后祝福的老王"
"432",433,66,"皇后祝福的老王"
"433",434,66,"皇后祝福的老王"
"434",435,66,"皇后祝福的老王"
"435",436,66,"皇后祝福的老王"
"436",437,66,"皇后祝福的老王"
"437",438,66,"皇后祝福的老王"
"438",439,66,"皇后祝福的老王"
"439",440,66,"皇后祝福的老王"
"440",441,66,"皇后祝福的老王"
"441",442,66,"皇后祝福的老王"
"442",443,66,"皇后祝福的老王"
"443",444,66,"皇后祝福的老王"
"444",445,66,"皇后祝福的老王"
"445",446,66,"皇后祝福的老王"
"446",447,66,"皇后祝福的老王"
"447",448,66,"皇后祝福的老王"
"448",449,67,"皇后祝福的老王"
"449",450,67,"皇后祝福的老王"
"450",451,67,"皇后祝福的老王"
"451",452,67,"皇后祝福的老王"
"452",453,67,"皇后祝福的老王"
"453",454,67,"皇后祝福的老王"
"454",455,67,"皇后祝福的老王"
"455",456,67,"皇后祝福的老王"
"456",457,67,"皇后祝福的老王"
"457",458,67,"皇后祝福的老王"
"458",459,67,"皇后祝福的老王"
"459",460,67,"皇后祝福的老王"
"460",461,67,"皇后祝福的老王"
"461",462,67,"皇后祝福的老王"
"462",463,67,"皇后祝福的老王"
"463",464,67,"皇后祝福的老王"
"464",465,67,"皇后祝福的老王"
"465",466,67,"皇后祝福的老王"
"466",467,67,"皇后祝福的老王"
"467",468,67,"皇后祝福的老王"
"468",469,67,"皇后祝福的老王"
"469",470,68,"皇后祝福的老王"
"470",471,68,"皇后祝福的老王"
"471",472,68,"皇后祝福的老王"
"472",473,68,"皇后祝福的老王"
"473",474,68,"皇后祝福的老王"
"474",475,68,"皇后祝福的老王"
"475",476,68,"皇后祝福的老王"
"476",477,68,"皇后祝福的老王"
"477",478,68,"皇后祝福的老王"
"478",479,68,"皇后祝福的老王"
"479",480,68,"皇后祝福的老王"
"480",481,68,"皇后祝福的老王"
"481",482,68,"皇后祝福的老王"
"482",483,68,"皇后祝福的老王"
"483",484,68,"皇后祝福的老王"
"484",485,68,"皇后祝福的老王"
"485",486,68,"皇后祝福的老王"
"486",487,68,"皇后祝福的老王"
"487",488,68,"皇后祝福的老王"
"488",489,68,"皇后祝福的老王"
"489",490,68,"皇后祝福的老王"
"490",491,69,"皇后祝福的老王"
"491",492,69,"皇后祝福的老王"
"492",493,69,"皇后祝福的老王"
"493",494,69,"皇后祝福的老王"
"494",495,69,"皇后祝福的老王"
"495",496,69,"皇后祝福的老王"
"496",497,69,"皇后祝福的老王"
"497",498,69,"皇后祝福的老王"
"498",499,69,"皇后祝福的老王"
"499",500,69,"皇后祝福的老王"
"500",501,69,"皇后祝福的老王"
"501",502,69,"皇后祝福的老王"
"502",503,69,"皇后祝福的老王"
"503",504,69,"皇后祝福的老王"
"504",505,69,"皇后祝福的老王"
"505",506,69,"皇后祝福的老王"
"506",507,69,"皇后祝福的老王"
"507",508,69,"皇后祝福的老王"
"508",509,69,"皇后祝福的老王"
"509",510,69,"皇后祝福的老王"
"510",511,69,"皇后祝福的老王"
"511",512,69,"皇后祝福的老王"
"512",513,70,"皇后祝福的老王"
"513",514,70,"皇后祝福的老王"
"514",515,70,"皇后祝福的老王"
"515",516,70,"皇后祝福的老王"
"516",517,70,"皇后祝福的老王"
"517",518,70,"皇后祝福的老王"
"518",519,70,"皇后祝福的老王"
"519",520,70,"皇后祝福的老王"
"520",521,70,"皇后祝福的老王"
"521",522,70,"皇后祝福的老王"
"522",523,70,"皇后祝福的老王"
"523",524,70,"皇后祝福的老王"
"524",525,70,"皇后祝福的老王"
"525",526,70,"皇后祝福的老王"
"526",527,70,"皇后祝福的老王"
"527",528,70,"皇后祝福的老王"
"528",529,70,"皇后祝福的老王"
"529",530,70,"皇后祝福的老王"
"530",531,70,"皇后祝福的老王"
"531",532,70,"皇后祝福的老王"
"532",533,70,"皇后祝福的老王"
"533",534,70,"皇后祝福的老王"
"534",535,70,"皇后祝福的老王"
"535",536,71,"皇后祝福的老王"
"536",537,71,"皇后祝福的老王"
"537",538,71,"皇后祝福的老王"
"538",539,71,"皇后祝福的老王"
"539",540,71,"皇后祝福的老王"
"540",541,71,"皇后祝福的老王"
"541",542,71,"皇后祝福的老王"
"542",543,71,"皇后祝福的老王"
"543",544,71,"皇后祝福的老王"
"544",545,71,"皇后祝福的老王"
"545",546,71,"皇后祝福的老王"
"546",547,71,"皇后祝福的老王"
"547",548,71,"皇后祝福的老王"
"548",549,71,"皇后祝福的老王"
"549",550,71,"皇后祝福的老王"
"550",551,71,"皇后祝福的老王"
"551",552,71,"皇后祝福的老王"
"552",553,71,"皇后祝福的老王"
"553",554,71,"皇后祝福的老王"
"554",555,71,"皇后祝福的老王"
"555",556,71,"皇后祝福的老王"
"556",557,71,"皇后祝福的老王"
"557",558,71,"皇后祝福的老王"
"558",559,71,"皇后祝福的老王"
"559",560,72,"皇后祝福的老王"
"560",561,72,"皇后祝福的老王"
"561",562,72,"皇后祝福的老王"
"562",563,72,"皇后祝福的老王"
"563",564,72,"皇后祝福的老王"
"564",565,72,"皇后祝福的老王"
"565",566,72,"皇后祝福的老王"
"566",567,72,"皇后祝福的老王"
"567",568,72,"皇后祝福的老王"
"568",569,72,"皇后祝福的老王"
"569",570,72,"皇后祝福的老王"
"570",571,72,"皇后祝福的老王"
"571",572,72,"皇后祝福的老王"
"572",573,72,"皇后祝福的老王"
"573",574,72,"皇后祝福的老王"
"574",575,72,"皇后祝福的老王"
"575",576,72,"皇后祝福的老王"
"576",577,72,"皇后祝福的老王"
"577",578,72,"皇后祝福的老王"
"578",579,72,"皇后祝福的老王"
"579",580,72,"皇后祝福的老王"
"580",581,72,"皇后祝福的老王"
"581",582,72,"皇后祝福的老王"
"582",583,72,"皇后祝福的老王"
"583",584,72,"皇后祝福的老王"
"584",585,73,"皇后祝福的老王"
"585",586,73,"皇后祝福的老王"
"586",587,73,"皇后祝福的老王"
"587",588,73,"皇后祝福的老王"
"588",589,73,"皇后祝福的老王"
"589",590,73,"皇后祝福的老王"
"590",591,73,"皇后祝福的老王"
"591",592,73,"皇后祝福的老王"
"592",593,73,"皇后祝福的老王"
"593",594,73,"皇后祝福的老王"
"594",595,73,"皇后祝福的老王"
"595",596,73,"皇后祝福的老王"
"596",597,73,"皇后祝福的老王"
"597",598,73,"皇后祝福的老王"
"598",599,73,"皇后祝福的老王"
"599",600,73,"皇后祝福的老王"
"600",601,73,"皇后祝福的老王"
"601",602,73,"皇后祝福的老王"
"602",603,73,"皇后祝福的老王"
"603",604,73,"皇后祝福的老王"
"604",2,2,"没有皇后祝福的张飞"
"605",3,3,"没有皇后祝福的张飞"
"606",4,3,"没有皇后祝福的张飞"
"607",5,4,"没有皇后祝福的张飞"
"608",6,4,"没有皇后祝福的张飞"
"609",7,5,"没有皇后祝福的张飞"
"610",8,5,"没有皇后祝福的张飞"
"611",9,6,"没有皇后祝福的张飞"
"612",10,6,"没有皇后祝福的张飞"
"613",11,7,"没有皇后祝福的张飞"
"614",12,7,"没有皇后祝福的张飞"
"615",13,7,"没有皇后祝福的张飞"
"616",14,8,"没有皇后祝福的张飞"
"617",15,8,"没有皇后祝福的张飞"
"618",16,8,"没有皇后祝福的张飞"
"619",17,9,"没有皇后祝福的张飞"
"620",18,9,"没有皇后祝福的张飞"
"621",19,9,"没有皇后祝福的张飞"
"622",20,10,"没有皇后祝福的张飞"
"623",21,10,"没有皇后祝福的张飞"
"624",22,11,"没有皇后祝福的张飞"
"625",23,11,"没有皇后祝福的张飞"
"626",24,11,"没有皇后祝福的张飞"
"627",25,12,"没有皇后祝福的张飞"
"628",26,12,"没有皇后祝福的张飞"
"629",27,13,"没有皇后祝福的张飞"
"630",28,13,"没有皇后祝福的张飞"
"631",29,13,"没有皇后祝福的张飞"
"632",30,14,"没有皇后祝福的张飞"
"633",31,14,"没有皇后祝福的张飞"
"634",32,14,"没有皇后祝福的张飞"
"635",33,15,"没有皇后祝福的张飞"
"636",34,15,"没有皇后祝福的张飞"
"637",35,15,"没有皇后祝福的张飞"
"638",36,15,"没有皇后祝福的张飞"
"639",37,16,"没有皇后祝福的张飞"
"640",38,16,"没有皇后祝福的张飞"
"641",39,16,"没有皇后祝福的张飞"
"642",40,16,"没有皇后祝福的张飞"
"643",41,17,"没有皇后祝福的张飞"
"644",42,17,"没有皇后祝福的张飞"
"645",43,17,"没有皇后祝福的张飞"
"646",44,18,"没有皇后祝福的张飞"
"647",45,18,"没有皇后祝福的张飞"
"648",46,18,"没有皇后祝福的张飞"
"649",47,19,"没有皇后祝福的张飞"
"650",48,19,"没有皇后祝福的张飞"
"651",49,19,"没有皇后祝福的张飞"
"652",50,20,"没有皇后祝福的张飞"
"653",51,20,"没有皇后祝福的张飞"
"654",52,20,"没有皇后祝福的张飞"
"655",53,20,"没有皇后祝福的张飞"
"656",54,21,"没有皇后祝福的张飞"
"657",55,21,"没有皇后祝福的张飞"
"658",56,21,"没有皇后祝福的张飞"
"659",57,21,"没有皇后祝福的张飞"
"660",58,21,"没有皇后祝福的张飞"
"661",59,22,"没有皇后祝福的张飞"
"662",60,22,"没有皇后祝福的张飞"
"663",61,22,"没有皇后祝福的张飞"
"664",62,22,"没有皇后祝福的张飞"
"665",63,22,"没有皇后祝福的张飞"
"666",64,23,"没有皇后祝福的张飞"
"667",65,23,"没有皇后祝福的张飞"
"668",66,23,"没有皇后祝福的张飞"
"669",67,23,"没有皇后祝福的张飞"
"670",68,24,"没有皇后祝福的张飞"
"671",69,24,"没有皇后祝福的张飞"
"672",70,24,"没有皇后祝福的张飞"
"673",71,24,"没有皇后祝福的张飞"
"674",72,24,"没有皇后祝福的张飞"
"675",73,25,"没有皇后祝福的张飞"
"676",74,25,"没有皇后祝福的张飞"
"677",75,25,"没有皇后祝福的张飞"
"678",76,25,"没有皇后祝福的张飞"
"679",77,25,"没有皇后祝福的张飞"
"680",78,25,"没有皇后祝福的张飞"
"681",79,26,"没有皇后祝福的张飞"
"682",80,26,"没有皇后祝福的张飞"
"683",81,26,"没有皇后祝福的张飞"
"684",82,26,"没有皇后祝福的张飞"
"685",83,26,"没有皇后祝福的张飞"
"686",84,27,"没有皇后祝福的张飞"
"687",85,27,"没有皇后祝福的张飞"
"688",86,27,"没有皇后祝福的张飞"
"689",87,27,"没有皇后祝福的张飞"
"690",88,27,"没有皇后祝福的张飞"
"691",89,28,"没有皇后祝福的张飞"
"692",90,28,"没有皇后祝福的张飞"
"693",91,28,"没有皇后祝福的张飞"
"694",92,28,"没有皇后祝福的张飞"
"695",93,28,"没有皇后祝福的张飞"
"696",94,28,"没有皇后祝福的张飞"
"697",95,29,"没有皇后祝福的张飞"
"698",96,29,"没有皇后祝福的张飞"
"699",97,29,"没有皇后祝福的张飞"
"700",98,29,"没有皇后祝福的张飞"
"701",99,29,"没有皇后祝福的张飞"
"702",100,29,"没有皇后祝福的张飞"
"703",101,30,"没有皇后祝福的张飞"
"704",102,30,"没有皇后祝福的张飞"
"705",103,30,"没有皇后祝福的张飞"
"706",104,30,"没有皇后祝福的张飞"
"707",105,30,"没有皇后祝福的张飞"
"708",106,30,"没有皇后祝福的张飞"
"709",107,31,"没有皇后祝福的张飞"
"710",108,31,"没有皇后祝福的张飞"
"711",109,31,"没有皇后祝福的张飞"
"712",110,31,"没有皇后祝福的张飞"
"713",111,31,"没有皇后祝福的张飞"
"714",112,31,"没有皇后祝福的张飞"
"715",113,31,"没有皇后祝福的张飞"
"716",114,32,"没有皇后祝福的张飞"
"717",115,32,"没有皇后祝福的张飞"
"718",116,32,"没有皇后祝福的张飞"
"719",117,32,"没有皇后祝福的张飞"
"720",118,32,"没有皇后祝福的张飞"
"721",119,32,"没有皇后祝福的张飞"
"722",120,33,"没有皇后祝福的张飞"
"723",121,33,"没有皇后祝福的张飞"
"724",122,33,"没有皇后祝福的张飞"
"725",123,33,"没有皇后祝福的张飞"
"726",124,33,"没有皇后祝福的张飞"
"727",125,33,"没有皇后祝福的张飞"
"728",126,33,"没有皇后祝福的张飞"
"729",127,34,"没有皇后祝福的张飞"
"730",128,34,"没有皇后祝福的张飞"
"731",129,34,"没有皇后祝福的张飞"
"732",130,34,"没有皇后祝福的张飞"
"733",131,34,"没有皇后祝福的张飞"
"734",132,34,"没有皇后祝福的张飞"
"735",133,34,"没有皇后祝福的张飞"
"736",134,34,"没有皇后祝福的张飞"
"737",135,35,"没有皇后祝福的张飞"
"738",136,35,"没有皇后祝福的张飞"
"739",137,35,"没有皇后祝福的张飞"
"740",138,35,"没有皇后祝福的张飞"
"741",139,35,"没有皇后祝福的张飞"
"742",140,35,"没有皇后祝福的张飞"
"743",141,35,"没有皇后祝福的张飞"
"744",142,35,"没有皇后祝福的张飞"
"745",143,36,"没有皇后祝福的张飞"
"746",144,36,"没有皇后祝福的张飞"
"747",145,36,"没有皇后祝福的张飞"
"748",146,36,"没有皇后祝福的张飞"
"749",147,36,"没有皇后祝福的张飞"
"750",148,36,"没有皇后祝福的张飞"
"751",149,36,"没有皇后祝福的张飞"
"752",150,36,"没有皇后祝福的张飞"
"753",151,37,"没有皇后祝福的张飞"
"754",152,37,"没有皇后祝福的张飞"
"755",153,37,"没有皇后祝福的张飞"
"756",154,37,"没有皇后祝福的张飞"
"757",155,37,"没有皇后祝福的张飞"
"758",156,37,"没有皇后祝福的张飞"
"759",157,37,"没有皇后祝福的张飞"
"760",158,37,"没有皇后祝福的张飞"
"761",159,38,"没有皇后祝福的张飞"
"762",160,38,"没有皇后祝福的张飞"
"763",161,38,"没有皇后祝福的张飞"
"764",162,38,"没有皇后祝福的张飞"
"765",163,38,"没有皇后祝福的张飞"
"766",164,38,"没有皇后祝福的张飞"
"767",165,38,"没有皇后祝福的张飞"
"768",166,38,"没有皇后祝福的张飞"
"769",167,39,"没有皇后祝福的张飞"
"770",168,39,"没有皇后祝福的张飞"
"771",169,39,"没有皇后祝福的张飞"
"772",170,39,"没有皇后祝福的张飞"
"773",171,39,"没有皇后祝福的张飞"
"774",172,39,"没有皇后祝福的张飞"
"775",173,39,"没有皇后祝福的张飞"
"776",174,39,"没有皇后祝福的张飞"
"777",175,39,"没有皇后祝福的张飞"
"778",176,40,"没有皇后祝福的张飞"
"779",177,40,"没有皇后祝福的张飞"
"780",178,40,"没有皇后祝福的张飞"
"781",179,40,"没有皇后祝福的张飞"
"782",180,40,"没有皇后祝福的张飞"
"783",181,40,"没有皇后祝福的张飞"
"784",182,40,"没有皇后祝福的张飞"
"785",183,40,"没有皇后祝福的张飞"
"786",184,40,"没有皇后祝福的张飞"
"787",185,40,"没有皇后祝福的张飞"
"788",186,40,"没有皇后祝福的张飞"
"789",187,41,"没有皇后祝福的张飞"
"790",188,41,"没有皇后祝福的张飞"
"791",189,41,"没有皇后祝福的张飞"
"792",190,41,"没有皇后祝福的张飞"
"793",191,41,"没有皇后祝福的张飞"
"794",192,41,"没有皇后祝福的张飞"
"795",193,41,"没有皇后祝福的张飞"
"796",194,41,"没有皇后祝福的张飞"
"797",195,41,"没有皇后祝福的张飞"
"798",196,41,"没有皇后祝福的张飞"
"799",197,41,"没有皇后祝福的张飞"
"800",198,42,"没有皇后祝福的张飞"
"801",199,42,"没有皇后祝福的张飞"
"802",200,42,"没有皇后祝福的张飞"
"803",201,42,"没有皇后祝福的张飞"
"804",202,42,"没有皇后祝福的张飞"
"805",203,42,"没有皇后祝福的张飞"
"806",204,42,"没有皇后祝福的张飞"
"807",205,42,"没有皇后祝福的张飞"
"808",206,42,"没有皇后祝福的张飞"
"809",207,43,"没有皇后祝福的张飞"
"810",208,43,"没有皇后祝福的张飞"
"811",209,43,"没有皇后祝福的张飞"
"812",210,43,"没有皇后祝福的张飞"
"813",211,43,"没有皇后祝福的张飞"
"814",212,43,"没有皇后祝福的张飞"
"815",213,43,"没有皇后祝福的张飞"
"816",214,43,"没有皇后祝福的张飞"
"817",215,43,"没有皇后祝福的张飞"
"818",216,43,"没有皇后祝福的张飞"
"819",217,43,"没有皇后祝福的张飞"
"820",218,44,"没有皇后祝福的张飞"
"821",219,44,"没有皇后祝福的张飞"
"822",220,44,"没有皇后祝福的张飞"
"823",221,44,"没有皇后祝福的张飞"
"824",222,44,"没有皇后祝福的张飞"
"825",223,44,"没有皇后祝福的张飞"
"826",224,44,"没有皇后祝福的张飞"
"827",225,44,"没有皇后祝福的张飞"
"828",226,44,"没有皇后祝福的张飞"
"829",227,44,"没有皇后祝福的张飞"
"830",228,44,"没有皇后祝福的张飞"
"831",229,44,"没有皇后祝福的张飞"
"832",230,45,"没有皇后祝福的张飞"
"833",231,45,"没有皇后祝福的张飞"
"834",232,45,"没有皇后祝福的张飞"
"835",233,45,"没有皇后祝福的张飞"
"836",234,45,"没有皇后祝福的张飞"
"837",235,45,"没有皇后祝福的张飞"
"838",236,45,"没有皇后祝福的张飞"
"839",237,45,"没有皇后祝福的张飞"
"840",238,45,"没有皇后祝福的张飞"
"841",239,45,"没有皇后祝福的张飞"
"842",240,45,"没有皇后祝福的张飞"
"843",241,45,"没有皇后祝福的张飞"
"844",242,46,"没有皇后祝福的张飞"
"845",243,46,"没有皇后祝福的张飞"
"846",244,46,"没有皇后祝福的张飞"
"847",245,46,"没有皇后祝福的张飞"
"848",246,46,"没有皇后祝福的张飞"
"849",247,46,"没有皇后祝福的张飞"
"850",248,46,"没有皇后祝福的张飞"
"851",249,46,"没有皇后祝福的张飞"
"852",250,46,"没有皇后祝福的张飞"
"853",251,46,"没有皇后祝福的张飞"
"854",252,46,"没有皇后祝福的张飞"
"855",253,47,"没有皇后祝福的张飞"
"856",254,47,"没有皇后祝福的张飞"
"857",255,47,"没有皇后祝福的张飞"
"858",256,47,"没有皇后祝福的张飞"
"859",257,47,"没有皇后祝福的张飞"
"860",258,47,"没有皇后祝福的张飞"
"861",259,47,"没有皇后祝福的张飞"
"862",260,47,"没有皇后祝福的张飞"
"863",261,47,"没有皇后祝福的张飞"
"864",262,47,"没有皇后祝福的张飞"
"865",263,47,"没有皇后祝福的张飞"
"866",264,47,"没有皇后祝福的张飞"
"867",265,47,"没有皇后祝福的张飞"
"868",266,47,"没有皇后祝福的张飞"
"869",267,47,"没有皇后祝福的张飞"
"870",268,48,"没有皇后祝福的张飞"
"871",269,48,"没有皇后祝福的张飞"
"872",270,48,"没有皇后祝福的张飞"
"873",271,48,"没有皇后祝福的张飞"
"874",272,48,"没有皇后祝福的张飞"
"875",273,48,"没有皇后祝福的张飞"
"876",274,48,"没有皇后祝福的张飞"
"877",275,48,"没有皇后祝福的张飞"
"878",276,48,"没有皇后祝福的张飞"
"879",277,48,"没有皇后祝福的张飞"
"880",278,48,"没有皇后祝福的张飞"
"881",279,48,"没有皇后祝福的张飞"
"882",280,48,"没有皇后祝福的张飞"
"883",281,49,"没有皇后祝福的张飞"
"884",282,49,"没有皇后祝福的张飞"
"885",283,49,"没有皇后祝福的张飞"
"886",284,49,"没有皇后祝福的张飞"
"887",285,49,"没有皇后祝福的张飞"
"888",286,49,"没有皇后祝福的张飞"
"889",287,49,"没有皇后祝福的张飞"
"890",288,49,"没有皇后祝福的张飞"
"891",289,49,"没有皇后祝福的张飞"
"892",290,49,"没有皇后祝福的张飞"
"893",291,49,"没有皇后祝福的张飞"
"894",292,49,"没有皇后祝福的张飞"
"895",293,49,"没有皇后祝福的张飞"
"896",294,50,"没有皇后祝福的张飞"
"897",295,50,"没有皇后祝福的张飞"
"898",296,50,"没有皇后祝福的张飞"
"899",297,50,"没有皇后祝福的张飞"
"900",298,50,"没有皇后祝福的张飞"
"901",299,50,"没有皇后祝福的张飞"
"902",300,50,"没有皇后祝福的张飞"
"903",301,50,"没有皇后祝福的张飞"
"904",302,50,"没有皇后祝福的张飞"
"905",303,50,"没有皇后祝福的张飞"
"906",304,50,"没有皇后祝福的张飞"
"907",305,50,"没有皇后祝福的张飞"
"908",306,50,"没有皇后祝福的张飞"
"909",307,50,"没有皇后祝福的张飞"
"910",308,50,"没有皇后祝福的张飞"
"911",309,50,"没有皇后祝福的张飞"
"912",310,50,"没有皇后祝福的张飞"
"913",311,51,"没有皇后祝福的张飞"
"914",312,51,"没有皇后祝福的张飞"
"915",313,51,"没有皇后祝福的张飞"
"916",314,51,"没有皇后祝福的张飞"
"917",315,51,"没有皇后祝福的张飞"
"918",316,51,"没有皇后祝福的张飞"
"919",317,51,"没有皇后祝福的张飞"
"920",318,51,"没有皇后祝福的张飞"
"921",319,51,"没有皇后祝福的张飞"
"922",320,51,"没有皇后祝福的张飞"
"923",321,51,"没有皇后祝福的张飞"
"924",322,51,"没有皇后祝福的张飞"
"925",323,51,"没有皇后祝福的张飞"
"926",324,51,"没有皇后祝福的张飞"
"927",325,51,"没有皇后祝福的张飞"
"928",326,51,"没有皇后祝福的张飞"
"929",327,52,"没有皇后祝福的张飞"
"930",328,52,"没有皇后祝福的张飞"
"931",329,52,"没有皇后祝福的张飞"
"932",330,52,"没有皇后祝福的张飞"
"933",331,52,"没有皇后祝福的张飞"
"934",332,52,"没有皇后祝福的张飞"
"935",333,52,"没有皇后祝福的张飞"
"936",334,52,"没有皇后祝福的张飞"
"937",335,52,"没有皇后祝福的张飞"
"938",336,52,"没有皇后祝福的张飞"
"939",337,52,"没有皇后祝福的张飞"
"940",338,52,"没有皇后祝福的张飞"
"941",339,52,"没有皇后祝福的张飞"
"942",340,52,"没有皇后祝福的张飞"
"943",341,52,"没有皇后祝福的张飞"
"944",342,52,"没有皇后祝福的张飞"
"945",343,52,"没有皇后祝福的张飞"
"946",344,53,"没有皇后祝福的张飞"
"947",345,53,"没有皇后祝福的张飞"
"948",346,53,"没有皇后祝福的张飞"
"949",347,53,"没有皇后祝福的张飞"
"950",348,53,"没有皇后祝福的张飞"
"951",349,53,"没有皇后祝福的张飞"
"952",350,53,"没有皇后祝福的张飞"
"953",351,53,"没有皇后祝福的张飞"
"954",352,53,"没有皇后祝福的张飞"
"955",353,53,"没有皇后祝福的张飞"
"956",354,53,"没有皇后祝福的张飞"
"957",355,53,"没有皇后祝福的张飞"
"958",356,53,"没有皇后祝福的张飞"
"959",357,53,"没有皇后祝福的张飞"
"960",358,53,"没有皇后祝福的张飞"
"961",359,53,"没有皇后祝福的张飞"
"962",360,53,"没有皇后祝福的张飞"
"963",361,53,"没有皇后祝福的张飞"
"964",362,54,"没有皇后祝福的张飞"
"965",363,54,"没有皇后祝福的张飞"
"966",364,54,"没有皇后祝福的张飞"
"967",365,54,"没有皇后祝福的张飞"
"968",366,54,"没有皇后祝福的张飞"
"969",367,54,"没有皇后祝福的张飞"
"970",368,54,"没有皇后祝福的张飞"
"971",369,54,"没有皇后祝福的张飞"
"972",370,54,"没有皇后祝福的张飞"
"973",371,54,"没有皇后祝福的张飞"
"974",372,54,"没有皇后祝福的张飞"
"975",373,54,"没有皇后祝福的张飞"
"976",374,54,"没有皇后祝福的张飞"
"977",375,54,"没有皇后祝福的张飞"
"978",376,54,"没有皇后祝福的张飞"
"979",377,54,"没有皇后祝福的张飞"
"980",378,54,"没有皇后祝福的张飞"
"981",379,54,"没有皇后祝福的张飞"
"982",380,55,"没有皇后祝福的张飞"
"983",381,55,"没有皇后祝福的张飞"
"984",382,55,"没有皇后祝福的张飞"
"985",383,55,"没有皇后祝福的张飞"
"986",384,55,"没有皇后祝福的张飞"
"987",385,55,"没有皇后祝福的张飞"
"988",386,55,"没有皇后祝福的张飞"
"989",387,55,"没有皇后祝福的张飞"
"990",388,55,"没有皇后祝福的张飞"
"991",389,55,"没有皇后祝福的张飞"
"992",390,55,"没有皇后祝福的张飞"
"993",391,55,"没有皇后祝福的张飞"
"994",392,55,"没有皇后祝福的张飞"
"995",393,55,"没有皇后祝福的张飞"
"996",394,55,"没有皇后祝福的张飞"
"997",395,55,"没有皇后祝福的张飞"
"998",396,55,"没有皇后祝福的张飞"
"999",397,55,"没有皇后祝福的张飞"
"1000",398,55,"没有皇后祝福的张飞"
"1001",399,56,"没有皇后祝福的张飞"
"1002",400,56,"没有皇后祝福的张飞"
"1003",401,56,"没有皇后祝福的张飞"
"1004",402,56,"没有皇后祝福的张飞"
"1005",403,56,"没有皇后祝福的张飞"
"1006",404,56,"没有皇后祝福的张飞"
"1007",405,56,"没有皇后祝福的张飞"
"1008",406,56,"没有皇后祝福的张飞"
"1009",407,56,"没有皇后祝福的张飞"
"1010",408,56,"没有皇后祝福的张飞"
"1011",409,56,"没有皇后祝福的张飞"
"1012",410,56,"没有皇后祝福的张飞"
"1013",411,56,"没有皇后祝福的张飞"
"1014",412,56,"没有皇后祝福的张飞"
"1015",413,56,"没有皇后祝福的张飞"
"1016",414,56,"没有皇后祝福的张飞"
"1017",415,56,"没有皇后祝福的张飞"
"1018",416,57,"没有皇后祝福的张飞"
"1019",417,57,"没有皇后祝福的张飞"
"1020",418,57,"没有皇后祝福的张飞"
"1021",419,57,"没有皇后祝福的张飞"
"1022",420,57,"没有皇后祝福的张飞"
"1023",421,57,"没有皇后祝福的张飞"
"1024",422,57,"没有皇后祝福的张飞"
"1025",423,57,"没有皇后祝福的张飞"
"1026",424,57,"没有皇后祝福的张飞"
"1027",425,57,"没有皇后祝福的张飞"
"1028",426,57,"没有皇后祝福的张飞"
"1029",427,57,"没有皇后祝福的张飞"
"1030",428,57,"没有皇后祝福的张飞"
"1031",429,57,"没有皇后祝福的张飞"
"1032",430,57,"没有皇后祝福的张飞"
"1033",431,57,"没有皇后祝福的张飞"
"1034",432,57,"没有皇后祝福的张飞"
"1035",433,57,"没有皇后祝福的张飞"
"1036",434,58,"没有皇后祝福的张飞"
"1037",435,58,"没有皇后祝福的张飞"
"1038",436,58,"没有皇后祝福的张飞"
"1039",437,58,"没有皇后祝福的张飞"
"1040",438,58,"没有皇后祝福的张飞"
"1041",439,58,"没有皇后祝福的张飞"
"1042",440,58,"没有皇后祝福的张飞"
"1043",441,58,"没有皇后祝福的张飞"
"1044",442,58,"没有皇后祝福的张飞"
"1045",443,58,"没有皇后祝福的张飞"
"1046",444,58,"没有皇后祝福的张飞"
"1047",445,58,"没有皇后祝福的张飞"
"1048",446,58,"没有皇后祝福的张飞"
"1049",447,58,"没有皇后祝福的张飞"
"1050",448,58,"没有皇后祝福的张飞"
"1051",449,58,"没有皇后祝福的张飞"
"1052",450,58,"没有皇后祝福的张飞"
"1053",451,58,"没有皇后祝福的张飞"
"1054",452,58,"没有皇后祝福的张飞"
"1055",453,58,"没有皇后祝福的张飞"
"1056",454,59,"没有皇后祝福的张飞"
"1057",455,59,"没有皇后祝福的张飞"
"1058",456,59,"没有皇后祝福的张飞"
"1059",457,59,"没有皇后祝福的张飞"
"1060",458,59,"没有皇后祝福的张飞"
"1061",459,59,"没有皇后祝福的张飞"
"1062",460,59,"没有皇后祝福的张飞"
"1063",461,59,"没有皇后祝福的张飞"
"1064",462,59,"没有皇后祝福的张飞"
"1065",463,59,"没有皇后祝福的张飞"
"1066",464,59,"没有皇后祝福的张飞"
"1067",465,59,"没有皇后祝福的张飞"
"1068",466,59,"没有皇后祝福的张飞"
"1069",467,59,"没有皇后祝福的张飞"
"1070",468,59,"没有皇后祝福的张飞"
"1071",469,59,"没有皇后祝福的张飞"
"1072",470,59,"没有皇后祝福的张飞"
"1073",471,59,"没有皇后祝福的张飞"
"1074",472,59,"没有皇后祝福的张飞"
"1075",473,59,"没有皇后祝福的张飞"
"1076",474,59,"没有皇后祝福的张飞"
"1077",475,60,"没有皇后祝福的张飞"
"1078",476,60,"没有皇后祝福的张飞"
"1079",477,60,"没有皇后祝福的张飞"
"1080",478,60,"没有皇后祝福的张飞"
"1081",479,60,"没有皇后祝福的张飞"
"1082",480,60,"没有皇后祝福的张飞"
"1083",481,60,"没有皇后祝福的张飞"
"1084",482,60,"没有皇后祝福的张飞"
"1085",483,60,"没有皇后祝福的张飞"
"1086",484,60,"没有皇后祝福的张飞"
"1087",485,60,"没有皇后祝福的张飞"
"1088",486,60,"没有皇后祝福的张飞"
"1089",487,60,"没有皇后祝福的张飞"
"1090",488,60,"没有皇后祝福的张飞"
"1091",489,60,"没有皇后祝福的张飞"
"1092",490,60,"没有皇后祝福的张飞"
"1093",491,60,"没有皇后祝福的张飞"
"1094",492,60,"没有皇后祝福的张飞"
"1095",493,60,"没有皇后祝福的张飞"
"1096",494,60,"没有皇后祝福的张飞"
"1097",495,60,"没有皇后祝福的张飞"
"1098",496,61,"没有皇后祝福的张飞"
"1099",497,61,"没有皇后祝福的张飞"
"1100",498,61,"没有皇后祝福的张飞"
"1101",499,61,"没有皇后祝福的张飞"
"1102",500,61,"没有皇后祝福的张飞"
"1103",501,61,"没有皇后祝福的张飞"
"1104",502,61,"没有皇后祝福的张飞"
"1105",503,61,"没有皇后祝福的张飞"
"1106",504,61,"没有皇后祝福的张飞"
"1107",505,61,"没有皇后祝福的张飞"
"1108",506,61,"没有皇后祝福的张飞"
"1109",507,61,"没有皇后祝福的张飞"
"1110",508,61,"没有皇后祝福的张飞"
"1111",509,61,"没有皇后祝福的张飞"
"1112",510,61,"没有皇后祝福的张飞"
"1113",511,61,"没有皇后祝福的张飞"
"1114",512,61,"没有皇后祝福的张飞"
"1115",513,61,"没有皇后祝福的张飞"
"1116",514,61,"没有皇后祝福的张飞"
"1117",515,61,"没有皇后祝福的张飞"
"1118",516,61,"没有皇后祝福的张飞"
"1119",517,61,"没有皇后祝福的张飞"
"1120",518,61,"没有皇后祝福的张飞"
"1121",519,62,"没有皇后祝福的张飞"
"1122",520,62,"没有皇后祝福的张飞"
"1123",521,62,"没有皇后祝福的张飞"
"1124",522,62,"没有皇后祝福的张飞"
"1125",523,62,"没有皇后祝福的张飞"
"1126",524,62,"没有皇后祝福的张飞"
"1127",525,62,"没有皇后祝福的张飞"
"1128",526,62,"没有皇后祝福的张飞"
"1129",527,62,"没有皇后祝福的张飞"
"1130",528,62,"没有皇后祝福的张飞"
"1131",529,62,"没有皇后祝福的张飞"
"1132",530,62,"没有皇后祝福的张飞"
"1133",531,62,"没有皇后祝福的张飞"
"1134",532,62,"没有皇后祝福的张飞"
"1135",533,62,"没有皇后祝福的张飞"
"1136",534,62,"没有皇后祝福的张飞"
"1137",535,62,"没有皇后祝福的张飞"
"1138",536,62,"没有皇后祝福的张飞"
"1139",537,62,"没有皇后祝福的张飞"
"1140",538,62,"没有皇后祝福的张飞"
"1141",539,62,"没有皇后祝福的张飞"
"1142",540,62,"没有皇后祝福的张飞"
"1143",541,62,"没有皇后祝福的张飞"
"1144",542,62,"没有皇后祝福的张飞"
"1145",543,62,"没有皇后祝福的张飞"
"1146",544,63,"没有皇后祝福的张飞"
"1147",545,63,"没有皇后祝福的张飞"
"1148",546,63,"没有皇后祝福的张飞"
"1149",547,63,"没有皇后祝福的张飞"
"1150",548,63,"没有皇后祝福的张飞"
"1151",549,63,"没有皇后祝福的张飞"
"1152",550,63,"没有皇后祝福的张飞"
"1153",551,63,"没有皇后祝福的张飞"
"1154",552,63,"没有皇后祝福的张飞"
"1155",553,63,"没有皇后祝福的张飞"
"1156",554,63,"没有皇后祝福的张飞"
"1157",555,63,"没有皇后祝福的张飞"
"1158",556,63,"没有皇后祝福的张飞"
"1159",557,63,"没有皇后祝福的张飞"
"1160",558,63,"没有皇后祝福的张飞"
"1161",559,63,"没有皇后祝福的张飞"
"1162",560,63,"没有皇后祝福的张飞"
"1163",561,63,"没有皇后祝福的张飞"
"1164",562,63,"没有皇后祝福的张飞"
"1165",563,63,"没有皇后祝福的张飞"
"1166",564,63,"没有皇后祝福的张飞"
"1167",565,63,"没有皇后祝福的张飞"
"1168",566,63,"没有皇后祝福的张飞"
"1169",567,64,"没有皇后祝福的张飞"
"1170",568,64,"没有皇后祝福的张飞"
"1171",569,64,"没有皇后祝福的张飞"
"1172",570,64,"没有皇后祝福的张飞"
"1173",571,64,"没有皇后祝福的张飞"
"1174",572,64,"没有皇后祝福的张飞"
"1175",573,64,"没有皇后祝福的张飞"
"1176",574,64,"没有皇后祝福的张飞"
"1177",575,64,"没有皇后祝福的张飞"
"1178",576,64,"没有皇后祝福的张飞"
"1179",577,64,"没有皇后祝福的张飞"
"1180",578,64,"没有皇后祝福的张飞"
"1181",579,64,"没有皇后祝福的张飞"
"1182",580,64,"没有皇后祝福的张飞"
"1183",581,64,"没有皇后祝福的张飞"
"1184",582,64,"没有皇后祝福的张飞"
"1185",583,64,"没有皇后祝福的张飞"
"1186",584,64,"没有皇后祝福的张飞"
"1187",585,64,"没有皇后祝福的张飞"
"1188",586,64,"没有皇后祝福的张飞"
"1189",587,64,"没有皇后祝福的张飞"
"1190",588,64,"没有皇后祝福的张飞"
"1191",589,64,"没有皇后祝福的张飞"
"1192",590,64,"没有皇后祝福的张飞"
"1193",591,64,"没有皇后祝福的张飞"
"1194",592,64,"没有皇后祝福的张飞"
"1195",593,64,"没有皇后祝福的张飞"
"1196",594,64,"没有皇后祝福的张飞"
"1197",595,64,"没有皇后祝福的张飞"
"1198",596,65,"没有皇后祝福的张飞"
"1199",597,65,"没有皇后祝福的张飞"
"1200",598,65,"没有皇后祝福的张飞"
"1201",599,65,"没有皇后祝福的张飞"
"1202",600,65,"没有皇后祝福的张飞"
"1203",601,65,"没有皇后祝福的张飞"
"1204",602,65,"没有皇后祝福的张飞"
"1205",603,65,"没有皇后祝福的张飞"
"1206",604,65,"没有皇后祝福的张飞"
"1207",2,2,"悲催的关羽"
"1208",3,2,"悲催的关羽"
"1209",4,3,"悲催的关羽"
"1210",5,3,"悲催的关羽"
"1211",6,3,"悲催的关羽"
"1212",7,4,"悲催的关羽"
"1213",8,4,"悲催的关羽"
"1214",9,4,"悲催的关羽"
"1215",10,5,"悲催的关羽"
"1216",11,5,"悲催的关羽"
"1217",12,5,"悲催的关羽"
"1218",13,6,"悲催的关羽"
"1219",14,6,"悲催的关羽"
"1220",15,6,"悲催的关羽"
"1221",16,6,"悲催的关羽"
"1222",17,7,"悲催的关羽"
"1223",18,7,"悲催的关羽"
"1224",19,7,"悲催的关羽"
"1225",20,8,"悲催的关羽"
"1226",21,8,"悲催的关羽"
"1227",22,8,"悲催的关羽"
"1228",23,8,"悲催的关羽"
"1229",24,9,"悲催的关羽"
"1230",25,9,"悲催的关羽"
"1231",26,9,"悲催的关羽"
"1232",27,9,"悲催的关羽"
"1233",28,10,"悲催的关羽"
"1234",29,10,"悲催的关羽"
"1235",30,10,"悲催的关羽"
"1236",31,10,"悲催的关羽"
"1237",32,11,"悲催的关羽"
"1238",33,11,"悲催的关羽"
"1239",34,11,"悲催的关羽"
"1240",35,11,"悲催的关羽"
"1241",36,11,"悲催的关羽"
"1242",37,12,"悲催的关羽"
"1243",38,12,"悲催的关羽"
"1244",39,12,"悲催的关羽"
"1245",40,12,"悲催的关羽"
"1246",41,12,"悲催的关羽"
"1247",42,13,"悲催的关羽"
"1248",43,13,"悲催的关羽"
"1249",44,13,"悲催的关羽"
"1250",45,13,"悲催的关羽"
"1251",46,13,"悲催的关羽"
"1252",47,14,"悲催的关羽"
"1253",48,14,"悲催的关羽"
"1254",49,14,"悲催的关羽"
"1255",50,14,"悲催的关羽"
"1256",51,14,"悲催的关羽"
"1257",52,15,"悲催的关羽"
"1258",53,15,"悲催的关羽"
"1259",54,15,"悲催的关羽"
"1260",55,15,"悲催的关羽"
"1261",56,15,"悲催的关羽"
"1262",57,16,"悲催的关羽"
"1263",58,16,"悲催的关羽"
"1264",59,16,"悲催的关羽"
"1265",60,16,"悲催的关羽"
"1266",61,16,"悲催的关羽"
"1267",62,16,"悲催的关羽"
"1268",63,17,"悲催的关羽"
"1269",64,17,"悲催的关羽"
"1270",65,17,"悲催的关羽"
"1271",66,17,"悲催的关羽"
"1272",67,17,"悲催的关羽"
"1273",68,17,"悲催的关羽"
"1274",69,18,"悲催的关羽"
"1275",70,18,"悲催的关羽"
"1276",71,18,"悲催的关羽"
"1277",72,18,"悲催的关羽"
"1278",73,18,"悲催的关羽"
"1279",74,18,"悲催的关羽"
"1280",75,19,"悲催的关羽"
"1281",76,19,"悲催的关羽"
"1282",77,19,"悲催的关羽"
"1283",78,19,"悲催的关羽"
"1284",79,19,"悲催的关羽"
"1285",80,19,"悲催的关羽"
"1286",81,19,"悲催的关羽"
"1287",82,20,"悲催的关羽"
"1288",83,20,"悲催的关羽"
"1289",84,20,"悲催的关羽"
"1290",85,20,"悲催的关羽"
"1291",86,20,"悲催的关羽"
"1292",87,20,"悲催的关羽"
"1293",88,20,"悲催的关羽"
"1294",89,21,"悲催的关羽"
"1295",90,21,"悲催的关羽"
"1296",91,21,"悲催的关羽"
"1297",92,21,"悲催的关羽"
"1298",93,21,"悲催的关羽"
"1299",94,21,"悲催的关羽"
"1300",95,21,"悲催的关羽"
"1301",96,22,"悲催的关羽"
"1302",97,22,"悲催的关羽"
"1303",98,22,"悲催的关羽"
"1304",99,22,"悲催的关羽"
"1305",100,22,"悲催的关羽"
"1306",101,22,"悲催的关羽"
"1307",102,22,"悲催的关羽"
"1308",103,22,"悲催的关羽"
"1309",104,23,"悲催的关羽"
"1310",105,23,"悲催的关羽"
"1311",106,23,"悲催的关羽"
"1312",107,23,"悲催的关羽"
"1313",108,23,"悲催的关羽"
"1314",109,23,"悲催的关羽"
"1315",110,23,"悲催的关羽"
"1316",111,24,"悲催的关羽"
"1317",112,24,"悲催的关羽"
"1318",113,24,"悲催的关羽"
"1319",114,24,"悲催的关羽"
"1320",115,24,"悲催的关羽"
"1321",116,24,"悲催的关羽"
"1322",117,24,"悲催的关羽"
"1323",118,24,"悲催的关羽"
"1324",119,25,"悲催的关羽"
"1325",120,25,"悲催的关羽"
"1326",121,25,"悲催的关羽"
"1327",122,25,"悲催的关羽"
"1328",123,25,"悲催的关羽"
"1329",124,25,"悲催的关羽"
"1330",125,25,"悲催的关羽"
"1331",126,25,"悲催的关羽"
"1332",127,25,"悲催的关羽"
"1333",128,26,"悲催的关羽"
"1334",129,26,"悲催的关羽"
"1335",130,26,"悲催的关羽"
"1336",131,26,"悲催的关羽"
"1337",132,26,"悲催的关羽"
"1338",133,26,"悲催的关羽"
"1339",134,26,"悲催的关羽"
"1340",135,26,"悲催的关羽"
"1341",136,26,"悲催的关羽"
"1342",137,27,"悲催的关羽"
"1343",138,27,"悲催的关羽"
"1344",139,27,"悲催的关羽"
"1345",140,27,"悲催的关羽"
"1346",141,27,"悲催的关羽"
"1347",142,27,"悲催的关羽"
"1348",143,27,"悲催的关羽"
"1349",144,27,"悲催的关羽"
"1350",145,27,"悲催的关羽"
"1351",146,27,"悲催的关羽"
"1352",147,28,"悲催的关羽"
"1353",148,28,"悲催的关羽"
"1354",149,28,"悲催的关羽"
"1355",150,28,"悲催的关羽"
"1356",151,28,"悲催的关羽"
"1357",152,28,"悲催的关羽"
"1358",153,28,"悲催的关羽"
"1359",154,28,"悲催的关羽"
"1360",155,28,"悲催的关羽"
"1361",156,28,"悲催的关羽"
"1362",157,29,"悲催的关羽"
"1363",158,29,"悲催的关羽"
"1364",159,29,"悲催的关羽"
"1365",160,29,"悲催的关羽"
"1366",161,29,"悲催的关羽"
"1367",162,29,"悲催的关羽"
"1368",163,29,"悲催的关羽"
"1369",164,29,"悲催的关羽"
"1370",165,29,"悲催的关羽"
"1371",166,29,"悲催的关羽"
"1372",167,30,"悲催的关羽"
"1373",168,30,"悲催的关羽"
"1374",169,30,"悲催的关羽"
"1375",170,30,"悲催的关羽"
"1376",171,30,"悲催的关羽"
"1377",172,30,"悲催的关羽"
"1378",173,30,"悲催的关羽"
"1379",174,30,"悲催的关羽"
"1380",175,30,"悲催的关羽"
"1381",176,30,"悲催的关羽"
"1382",177,30,"悲催的关羽"
"1383",178,31,"悲催的关羽"
"1384",179,31,"悲催的关羽"
"1385",180,31,"悲催的关羽"
"1386",181,31,"悲催的关羽"
"1387",182,31,"悲催的关羽"
"1388",183,31,"悲催的关羽"
"1389",184,31,"悲催的关羽"
"1390",185,31,"悲催的关羽"
"1391",186,31,"悲催的关羽"
"1392",187,31,"悲催的关羽"
"1393",188,31,"悲催的关羽"
"1394",189,32,"悲催的关羽"
"1395",190,32,"悲催的关羽"
"1396",191,32,"悲催的关羽"
"1397",192,32,"悲催的关羽"
"1398",193,32,"悲催的关羽"
"1399",194,32,"悲催的关羽"
"1400",195,32,"悲催的关羽"
"1401",196,32,"悲催的关羽"
"1402",197,32,"悲催的关羽"
"1403",198,32,"悲催的关羽"
"1404",199,32,"悲催的关羽"
"1405",200,32,"悲催的关羽"
"1406",201,33,"悲催的关羽"
"1407",202,33,"悲催的关羽"
"1408",203,33,"悲催的关羽"
"1409",204,33,"悲催的关羽"
"1410",205,33,"悲催的关羽"
"1411",206,33,"悲催的关羽"
"1412",207,33,"悲催的关羽"
"1413",208,33,"悲催的关羽"
"1414",209,33,"悲催的关羽"
"1415",210,33,"悲催的关羽"
"1416",211,33,"悲催的关羽"
"1417",212,33,"悲催的关羽"
"1418",213,34,"悲催的关羽"
"1419",214,34,"悲催的关羽"
"1420",215,34,"悲催的关羽"
"1421",216,34,"悲催的关羽"
"1422",217,34,"悲催的关羽"
"1423",218,34,"悲催的关羽"
"1424",219,34,"悲催的关羽"
"1425",220,34,"悲催的关羽"
"1426",221,34,"悲催的关羽"
"1427",222,34,"悲催的关羽"
"1428",223,34,"悲催的关羽"
"1429",224,34,"悲催的关羽"
"1430",225,34,"悲催的关羽"
"1431",226,35,"悲催的关羽"
"1432",227,35,"悲催的关羽"
"1433",228,35,"悲催的关羽"
"1434",229,35,"悲催的关羽"
"1435",230,35,"悲催的关羽"
"1436",231,35,"悲催的关羽"
"1437",232,35,"悲催的关羽"
"1438",233,35,"悲催的关羽"
"1439",234,35,"悲催的关羽"
"1440",235,35,"悲催的关羽"
"1441",236,35,"悲催的关羽"
"1442",237,35,"悲催的关羽"
"1443",238,35,"悲催的关羽"
"1444",239,36,"悲催的关羽"
"1445",240,36,"悲催的关羽"
"1446",241,36,"悲催的关羽"
"1447",242,36,"悲催的关羽"
"1448",243,36,"悲催的关羽"
"1449",244,36,"悲催的关羽"
"1450",245,36,"悲催的关羽"
"1451",246,36,"悲催的关羽"
"1452",247,36,"悲催的关羽"
"1453",248,36,"悲催的关羽"
"1454",249,36,"悲催的关羽"
"1455",250,36,"悲催的关羽"
"1456",251,36,"悲催的关羽"
"1457",252,36,"悲催的关羽"
"1458",253,37,"悲催的关羽"
"1459",254,37,"悲催的关羽"
"1460",255,37,"悲催的关羽"
"1461",256,37,"悲催的关羽"
"1462",257,37,"悲催的关羽"
"1463",258,37,"悲催的关羽"
"1464",259,37,"悲催的关羽"
"1465",260,37,"悲催的关羽"
"1466",261,37,"悲催的关羽"
"1467",262,37,"悲催的关羽"
"1468",263,37,"悲催的关羽"
"1469",264,37,"悲催的关羽"
"1470",265,37,"悲催的关羽"
"1471",266,37,"悲催的关羽"
"1472",267,37,"悲催的关羽"
"1473",268,38,"悲催的关羽"
"1474",269,38,"悲催的关羽"
"1475",270,38,"悲催的关羽"
"1476",271,38,"悲催的关羽"
"1477",272,38,"悲催的关羽"
"1478",273,38,"悲催的关羽"
"1479",274,38,"悲催的关羽"
"1480",275,38,"悲催的关羽"
"1481",276,38,"悲催的关羽"
"1482",277,38,"悲催的关羽"
"1483",278,38,"悲催的关羽"
"1484",279,38,"悲催的关羽"
"1485",280,38,"悲催的关羽"
"1486",281,38,"悲催的关羽"
"1487",282,38,"悲催的关羽"
"1488",283,38,"悲催的关羽"
"1489",284,39,"悲催的关羽"
"1490",285,39,"悲催的关羽"
"1491",286,39,"悲催的关羽"
"1492",287,39,"悲催的关羽"
"1493",288,39,"悲催的关羽"
"1494",289,39,"悲催的关羽"
"1495",290,39,"悲催的关羽"
"1496",291,39,"悲催的关羽"
"1497",292,39,"悲催的关羽"
"1498",293,39,"悲催的关羽"
"1499",294,39,"悲催的关羽"
"1500",295,39,"悲催的关羽"
"1501",296,39,"悲催的关羽"
"1502",297,39,"悲催的关羽"
"1503",298,39,"悲催的关羽"
"1504",299,40,"悲催的关羽"
"1505",300,40,"悲催的关羽"
"1506",301,40,"悲催的关羽"
"1507",302,40,"悲催的关羽"
"1508",303,40,"悲催的关羽"
"1509",304,40,"悲催的关羽"
"1510",305,40,"悲催的关羽"
"1511",306,40,"悲催的关羽"
"1512",307,40,"悲催的关羽"
"1513",308,40,"悲催的关羽"
"1514",309,40,"悲催的关羽"
"1515",310,40,"悲催的关羽"
"1516",311,40,"悲催的关羽"
"1517",312,40,"悲催的关羽"
"1518",313,40,"悲催的关羽"
"1519",314,40,"悲催的关羽"
"1520",315,40,"悲催的关羽"
"1521",316,41,"悲催的关羽"
"1522",317,41,"悲催的关羽"
"1523",318,41,"悲催的关羽"
"1524",319,41,"悲催的关羽"
"1525",320,41,"悲催的关羽"
"1526",321,41,"悲催的关羽"
"1527",322,41,"悲催的关羽"
"1528",323,41,"悲催的关羽"
"1529",324,41,"悲催的关羽"
"1530",325,41,"悲催的关羽"
"1531",326,41,"悲催的关羽"
"1532",327,41,"悲催的关羽"
"1533",328,41,"悲催的关羽"
"1534",329,41,"悲催的关羽"
"1535",330,41,"悲催的关羽"
"1536",331,41,"悲催的关羽"
"1537",332,41,"悲催的关羽"
"1538",333,41,"悲催的关羽"
"1539",334,42,"悲催的关羽"
"1540",335,42,"悲催的关羽"
"1541",336,42,"悲催的关羽"
"1542",337,42,"悲催的关羽"
"1543",338,42,"悲催的关羽"
"1544",339,42,"悲催的关羽"
"1545",340,42,"悲催的关羽"
"1546",341,42,"悲催的关羽"
"1547",342,42,"悲催的关羽"
"1548",343,42,"悲催的关羽"
"1549",344,42,"悲催的关羽"
"1550",345,42,"悲催的关羽"
"1551",346,42,"悲催的关羽"
"1552",347,42,"悲催的关羽"
"1553",348,42,"悲催的关羽"
"1554",349,42,"悲催的关羽"
"1555",350,42,"悲催的关羽"
"1556",351,42,"悲催的关羽"
"1557",352,42,"悲催的关羽"
"1558",353,43,"悲催的关羽"
"1559",354,43,"悲催的关羽"
"1560",355,43,"悲催的关羽"
"1561",356,43,"悲催的关羽"
"1562",357,43,"悲催的关羽"
"1563",358,43,"悲催的关羽"
"1564",359,43,"悲催的关羽"
"1565",360,43,"悲催的关羽"
"1566",361,43,"悲催的关羽"
"1567",362,43,"悲催的关羽"
"1568",363,43,"悲催的关羽"
"1569",364,43,"悲催的关羽"
"1570",365,43,"悲催的关羽"
"1571",366,43,"悲催的关羽"
"1572",367,43,"悲催的关羽"
"1573",368,43,"悲催的关羽"
"1574",369,43,"悲催的关羽"
"1575",370,43,"悲催的关羽"
"1576",371,43,"悲催的关羽"
"1577",372,44,"悲催的关羽"
"1578",373,44,"悲催的关羽"
"1579",374,44,"悲催的关羽"
"1580",375,44,"悲催的关羽"
"1581",376,44,"悲催的关羽"
"1582",377,44,"悲催的关羽"
"1583",378,44,"悲催的关羽"
"1584",379,44,"悲催的关羽"
"1585",380,44,"悲催的关羽"
"1586",381,44,"悲催的关羽"
"1587",382,44,"悲催的关羽"
"1588",383,44,"悲催的关羽"
"1589",384,44,"悲催的关羽"
"1590",385,44,"悲催的关羽"
"1591",386,44,"悲催的关羽"
"1592",387,44,"悲催的关羽"
"1593",388,44,"悲催的关羽"
"1594",389,44,"悲催的关羽"
"1595",390,44,"悲催的关羽"
"1596",391,44,"悲催的关羽"
"1597",392,45,"悲催的关羽"
"1598",393,45,"悲催的关羽"
"1599",394,45,"悲催的关羽"
"1600",395,45,"悲催的关羽"
"1601",396,45,"悲催的关羽"
"1602",397,45,"悲催的关羽"
"1603",398,45,"悲催的关羽"
"1604",399,45,"悲催的关羽"
"1605",400,45,"悲催的关羽"
"1606",401,45,"悲催的关羽"
"1607",402,45,"悲催的关羽"
"1608",403,45,"悲催的关羽"
"1609",404,45,"悲催的关羽"
"1610",405,45,"悲催的关羽"
"1611",406,45,"悲催的关羽"
"1612",407,45,"悲催的关羽"
"1613",408,45,"悲催的关羽"
"1614",409,45,"悲催的关羽"
"1615",410,45,"悲催的关羽"
"1616",411,45,"悲催的关羽"
"1617",412,45,"悲催的关羽"
"1618",413,46,"悲催的关羽"
"1619",414,46,"悲催的关羽"
"1620",415,46,"悲催的关羽"
"1621",416,46,"悲催的关羽"
"1622",417,46,"悲催的关羽"
"1623",418,46,"悲催的关羽"
"1624",419,46,"悲催的关羽"
"1625",420,46,"悲催的关羽"
"1626",421,46,"悲催的关羽"
"1627",422,46,"悲催的关羽"
"1628",423,46,"悲催的关羽"
"1629",424,46,"悲催的关羽"
"1630",425,46,"悲催的关羽"
"1631",426,46,"悲催的关羽"
"1632",427,46,"悲催的关羽"
"1633",428,46,"悲催的关羽"
"1634",429,46,"悲催的关羽"
"1635",430,46,"悲催的关羽"
"1636",431,46,"悲催的关羽"
"1637",432,46,"悲催的关羽"
"1638",433,46,"悲催的关羽"
"1639",434,46,"悲催的关羽"
"1640",435,47,"悲催的关羽"
"1641",436,47,"悲催的关羽"
"1642",437,47,"悲催的关羽"
"1643",438,47,"悲催的关羽"
"1644",439,47,"悲催的关羽"
"1645",440,47,"悲催的关羽"
"1646",441,47,"悲催的关羽"
"1647",442,47,"悲催的关羽"
"1648",443,47,"悲催的关羽"
"1649",444,47,"悲催的关羽"
"1650",445,47,"悲催的关羽"
"1651",446,47,"悲催的关羽"
"1652",447,47,"悲催的关羽"
"1653",448,47,"悲催的关羽"
"1654",449,47,"悲催的关羽"
"1655",450,47,"悲催的关羽"
"1656",451,47,"悲催的关羽"
"1657",452,47,"悲催的关羽"
"1658",453,47,"悲催的关羽"
"1659",454,47,"悲催的关羽"
"1660",455,47,"悲催的关羽"
"1661",456,47,"悲催的关羽"
"1662",457,47,"悲催的关羽"
"1663",458,47,"悲催的关羽"
"1664",459,48,"悲催的关羽"
"1665",460,48,"悲催的关羽"
"1666",461,48,"悲催的关羽"
"1667",462,48,"悲催的关羽"
"1668",463,48,"悲催的关羽"
"1669",464,48,"悲催的关羽"
"1670",465,48,"悲催的关羽"
"1671",466,48,"悲催的关羽"
"1672",467,48,"悲催的关羽"
"1673",468,48,"悲催的关羽"
"1674",469,48,"悲催的关羽"
"1675",470,48,"悲催的关羽"
"1676",471,48,"悲催的关羽"
"1677",472,48,"悲催的关羽"
"1678",473,48,"悲催的关羽"
"1679",474,48,"悲催的关羽"
"1680",475,48,"悲催的关羽"
"1681",476,48,"悲催的关羽"
"1682",477,48,"悲催的关羽"
"1683",478,48,"悲催的关羽"
"1684",479,48,"悲催的关羽"
"1685",480,48,"悲催的关羽"
"1686",481,48,"悲催的关羽"
"1687",482,48,"悲催的关羽"
"1688",483,49,"悲催的关羽"
"1689",484,49,"悲催的关羽"
"1690",485,49,"悲催的关羽"
"1691",486,49,"悲催的关羽"
"1692",487,49,"悲催的关羽"
"1693",488,49,"悲催的关羽"
"1694",489,49,"悲催的关羽"
"1695",490,49,"悲催的关羽"
"1696",491,49,"悲催的关羽"
"1697",492,49,"悲催的关羽"
"1698",493,49,"悲催的关羽"
"1699",494,49,"悲催的关羽"
"1700",495,49,"悲催的关羽"
"1701",496,49,"悲催的关羽"
"1702",497,49,"悲催的关羽"
"1703",498,49,"悲催的关羽"
"1704",499,49,"悲催的关羽"
"1705",500,49,"悲催的关羽"
"1706",501,49,"悲催的关羽"
"1707",502,49,"悲催的关羽"
"1708",503,49,"悲催的关羽"
"1709",504,49,"悲催的关羽"
"1710",505,49,"悲催的关羽"
"1711",506,49,"悲催的关羽"
"1712",507,49,"悲催的关羽"
"1713",508,50,"悲催的关羽"
"1714",509,50,"悲催的关羽"
"1715",510,50,"悲催的关羽"
"1716",511,50,"悲催的关羽"
"1717",512,50,"悲催的关羽"
"1718",513,50,"悲催的关羽"
"1719",514,50,"悲催的关羽"
"1720",515,50,"悲催的关羽"
"1721",516,50,"悲催的关羽"
"1722",517,50,"悲催的关羽"
"1723",518,50,"悲催的关羽"
"1724",519,50,"悲催的关羽"
"1725",520,50,"悲催的关羽"
"1726",521,50,"悲催的关羽"
"1727",522,50,"悲催的关羽"
"1728",523,50,"悲催的关羽"
"1729",524,50,"悲催的关羽"
"1730",525,50,"悲催的关羽"
"1731",526,50,"悲催的关羽"
"1732",527,50,"悲催的关羽"
"1733",528,50,"悲催的关羽"
"1734",529,50,"悲催的关羽"
"1735",530,50,"悲催的关羽"
"1736",531,50,"悲催的关羽"
"1737",532,50,"悲催的关羽"
"1738",533,50,"悲催的关羽"
"1739",534,50,"悲催的关羽"
"1740",535,51,"悲催的关羽"
"1741",536,51,"悲催的关羽"
"1742",537,51,"悲催的关羽"
"1743",538,51,"悲催的关羽"
"1744",539,51,"悲催的关羽"
"1745",540,51,"悲催的关羽"
"1746",541,51,"悲催的关羽"
"1747",542,51,"悲催的关羽"
"1748",543,51,"悲催的关羽"
"1749",544,51,"悲催的关羽"
"1750",545,51,"悲催的关羽"
"1751",546,51,"悲催的关羽"
"1752",547,51,"悲催的关羽"
"1753",548,51,"悲催的关羽"
"1754",549,51,"悲催的关羽"
"1755",550,51,"悲催的关羽"
"1756",551,51,"悲催的关羽"
"1757",552,51,"悲催的关羽"
"1758",553,51,"悲催的关羽"
"1759",554,51,"悲催的关羽"
"1760",555,51,"悲催的关羽"
"1761",556,51,"悲催的关羽"
"1762",557,51,"悲催的关羽"
"1763",558,51,"悲催的关羽"
"1764",559,51,"悲催的关羽"
"1765",560,51,"悲催的关羽"
"1766",561,51,"悲催的关羽"
"1767",562,52,"悲催的关羽"
"1768",563,52,"悲催的关羽"
"1769",564,52,"悲催的关羽"
"1770",565,52,"悲催的关羽"
"1771",566,52,"悲催的关羽"
"1772",567,52,"悲催的关羽"
"1773",568,52,"悲催的关羽"
"1774",569,52,"悲催的关羽"
"1775",570,52,"悲催的关羽"
"1776",571,52,"悲催的关羽"
"1777",572,52,"悲催的关羽"
"1778",573,52,"悲催的关羽"
"1779",574,52,"悲催的关羽"
"1780",575,52,"悲催的关羽"
"1781",576,52,"悲催的关羽"
"1782",577,52,"悲催的关羽"
"1783",578,52,"悲催的关羽"
"1784",579,52,"悲催的关羽"
"1785",580,52,"悲催的关羽"
"1786",581,52,"悲催的关羽"
"1787",582,52,"悲催的关羽"
"1788",583,52,"悲催的关羽"
"1789",584,52,"悲催的关羽"
"1790",585,52,"悲催的关羽"
"1791",586,52,"悲催的关羽"
"1792",587,52,"悲催的关羽"
"1793",588,52,"悲催的关羽"
"1794",589,52,"悲催的关羽"
"1795",590,52,"悲催的关羽"
"1796",591,53,"悲催的关羽"
"1797",592,53,"悲催的关羽"
"1798",593,53,"悲催的关羽"
"1799",594,53,"悲催的关羽"
"1800",595,53,"悲催的关羽"
"1801",596,53,"悲催的关羽"
"1802",597,53,"悲催的关羽"
"1803",598,53,"悲催的关羽"
"1804",599,53,"悲催的关羽"
"1805",600,53,"悲催的关羽"
"1806",601,53,"悲催的关羽"
"1807",602,53,"悲催的关羽"
"1808",603,53,"悲催的关羽"
"1809",604,53,"悲催的关羽"
